POSIC,REFER,ALTER,mutation (aa)
3037,C,T,C3037T
10029,C,T,T3255I
10449,C,A,P3395H
14408,C,T,P4715L
18163,A,G,I5967V
22578,G,A,G339D
22679,T,C,S373P
22686,C,T,S375F
22813,G,T,K417N
22882,T,G,N440K
22992,G,A,S477N
22995,C,A,T478K
23013,A,C,E484A
23040,A,G,Q493R
23055,A,G,Q498R
23063,A,T,N501Y
23075,T,C,Y505H
23403,A,G,D614G
23525,C,T,H655Y
23599,T,G,N679K
23604,C,A,P681H
23854,C,A,N764K
23948,G,T,D796Y
24424,A,T,Q954H
24469,T,A,N969K
25000,C,T,C25000T
25584,C,T,C25584T
26270,C,T,T9I
26577,C,G,Q19E
26709,G,A,A63T
27259,A,C,A27259C
27807,C,T,C27807T
28271,A,T,A28271T
28311,C,T,P13L
28361,GGAGAACGCAG,GG,ERS31del
28881,G,AAC,RG203KR
