pangoname,amihomname
A570D,A570D
D1118H,D1118H
D3L,D3L
N501Y,N501Y
P681H,P681H
Q27*,Q27del
R52I,R52I
S982A,S982A
"SGF3675-
","SGF3675del
"
T1001I,T1001I
T716I,T716I
Y73C,Y73C
D377Y,D377Y
D63G,D63G
D950N,D950N
G142D,G142D
I82T,I82T
L452R,L452R
P681R,P681R
R203M,R203M
S26L,S26L
T120I,T120I
T19R,T19R
T478K,T478K
V82A,V82A
A27259C,R20R
A28271T,no-cds
A63T,A63T
C25000T,D1146D
C25584T,T64T
C27807T,L18L
C3037T,F924F
D614G,D614G
D796Y,D796Y
E484A,E484A
ERS31del,ERS31del
G339D,G339D
H655Y,H655Y
I5967V,I5967V
K417N,K417N
N440K,N440K
N501Y,N501Y
N679K,N679K
N764K,N764K
N969K,N969K
T3255I,T3255I
P3395H,P3395H
P4715L,P4715L
S375F,S375F
S373P,S373P
Q498R,Q498R
Y505H,Y505H
